world_index,world_timestamp,surface_name,event_type
0,523494.145553,pantalla,enter
28,523495.08171,pantalla,exit
30,523495.149606,pantalla,enter
33,523495.249695,pantalla,exit
36,523495.349562,pantalla,enter
72,523496.557655,pantalla,exit
75,523496.657602,pantalla,enter
85,523496.993633,pantalla,exit
88,523497.097754,pantalla,enter
91,523497.193557,pantalla,exit
93,523497.261801,pantalla,enter
112,523497.897613,pantalla,exit
114,523497.965674,pantalla,enter
624,523515.121768,pantalla,exit
626,523515.189695,pantalla,enter
814,523521.489631,pantalla,exit
816,523521.557623,pantalla,enter
1026,523528.593577,pantalla,exit
